temp,humidity,ts
33.99,55,1778571964.963464
33.99,55,1778571975.2873256
33.99,55,1778571985.445756
33.99,55,1778571996.3005838
33.99,55,1778572006.5229514
